date,game_pk,game_datetime_utc,pitcher_id,pitcher,opp,is_home,season_k_pct,recent_k_pct,swstr_pct,opp_k_pct,opp_k_source,park_factor,matchup_k_pct,exp_bf,proj_ks_v0,proj_ks_v1,proj_ks_v2,proj_ks_ml,opp_lineup_json,line,over_odds,over_book,under_odds,under_book,n_books,p_over,novig_over,edge,ev_over,ev_under,cal_p_over_v2,cal_edge_v2,cal_p_over_ml,cal_edge_ml,slate_line,slate_over_odds,slate_under_odds,slate_p_over,slate_novig_over,slate_edge,slate_cal_p_over_v2,slate_cal_edge_v2,slate_cal_p_over_ml,slate_cal_edge_ml,slate_over_hit,slate_over_pnl,slate_under_pnl,actual_ks,actual_bf,gs,error_v0,error_v1,error_v2,error_ml,over_hit,over_pnl,under_pnl
2026-05-17,823058,2026-05-17T18:15:00Z,669467,Andre Pallante,Kansas City Royals,True,0.188,0.23,0.103,0.214,lineup,1.0,0.194,24.0,4.7,4.65,4.65,,"[{""id"": 672580, ""name"": ""Maikel Garcia"", ""slot"": 1}, {""id"": 677951, ""name"": ""Bobby Witt Jr."", ""slot"": 2}, {""id"": 686469, ""name"": ""Vinnie Pasquantino"", ""slot"": 3}, {""id"": 521692, ""name"": ""Salvador Perez"", ""slot"": 4}, {""id"": 695600, ""name"": ""Carter Jensen"", ""slot"": 5}, {""id"": 686555, ""name"": ""Isaac Collins"", ""slot"": 6}, {""id"": 657041, ""name"": ""Lane Thomas"", ""slot"": 7}, {""id"": 686681, ""name"": ""Michael Massey"", ""slot"": 8}, {""id"": 664728, ""name"": ""Kyle Isbel"", ""slot"": 9}]",3.5,175,betrivers,108,fanduel,7,0.682,0.519,0.163,0.877,-0.339,0.534,0.015,,,3.5,175,108,0.621,0.519,0.102,0.523,0.004,,,1,1.75,-1.0,7,27,1,2.3,2.35,2.35,,1,1.75,-1.0
2026-05-17,824599,2026-05-17T18:10:00Z,607067,Colin Rea,Chicago White Sox,False,0.193,0.182,0.106,0.245,lineup,1.0,0.206,26.5,4.34,5.36,5.46,,"[{""id"": 803011, ""name"": ""Sam Antonacci"", ""slot"": 1}, {""id"": 808959, ""name"": ""Munetaka Murakami"", ""slot"": 2}, {""id"": 678246, ""name"": ""Miguel Vargas"", ""slot"": 3}, {""id"": 695657, ""name"": ""Colson Montgomery"", ""slot"": 4}, {""id"": 805367, ""name"": ""Chase Meidroth"", ""slot"": 5}, {""id"": 643217, ""name"": ""Andrew Benintendi"", ""slot"": 6}, {""id"": 700337, ""name"": ""Edgar Quero"", ""slot"": 7}, {""id"": 671976, ""name"": ""Tristan Peters"", ""slot"": 8}, {""id"": 656537, ""name"": ""Derek Hill"", ""slot"": 9}]",4.5,-106,draftkings,180,betrivers,6,0.636,0.493,0.143,0.236,0.019,0.526,0.033,,,4.5,-106,180,0.671,0.493,0.178,0.532,0.039,,,0,-1.0,1.8,4,21,1,-0.34,-1.36,-1.46,,0,-1.0,1.8
2026-05-17,824192,2026-05-17T18:10:00Z,663567,Peter Lambert,Texas Rangers,True,0.243,0.225,0.138,0.232,lineup,1.0,0.243,24.0,5.42,5.9,5.84,,"[{""id"": 694497, ""name"": ""Evan Carter"", ""slot"": 1}, {""id"": 607043, ""name"": ""Brandon Nimmo"", ""slot"": 2}, {""id"": 673962, ""name"": ""Josh Jung"", ""slot"": 3}, {""id"": 592626, ""name"": ""Joc Pederson"", ""slot"": 4}, {""id"": 677649, ""name"": ""Ezequiel Duran"", ""slot"": 5}, {""id"": 696030, ""name"": ""Alejandro Osuna"", ""slot"": 6}, {""id"": 669394, ""name"": ""Jake Burger"", ""slot"": 7}, {""id"": 679822, ""name"": ""Justin Foscue"", ""slot"": 8}, {""id"": 543309, ""name"": ""Kyle Higashioka"", ""slot"": 9}]",4.5,155,betrivers,117,draftkings,6,0.692,0.559,0.133,0.766,-0.333,0.536,-0.023,,,4.5,155,117,0.721,0.559,0.162,0.541,-0.018,,,1,1.55,-1.0,6,24,1,0.58,0.1,0.16,,1,1.55,-1.0
2026-05-17,824192,2026-05-17T18:10:00Z,543135,Nathan Eovaldi,Houston Astros,False,0.247,0.23,0.165,0.234,lineup,1.0,0.25,24.9,5.52,5.59,6.23,,"[{""id"": 694728, ""name"": ""Brice Matthews"", ""slot"": 1}, {""id"": 670541, ""name"": ""Yordan Alvarez"", ""slot"": 2}, {""id"": 572233, ""name"": ""Christian Walker"", ""slot"": 3}, {""id"": 805904, ""name"": ""Zach Cole"", ""slot"": 4}, {""id"": 701305, ""name"": ""Zach Dezenzo"", ""slot"": 5}, {""id"": 669699, ""name"": ""Braden Shewmake"", ""slot"": 6}, {""id"": 701358, ""name"": ""Cam Smith"", ""slot"": 7}, {""id"": 663967, ""name"": ""César Salazar"", ""slot"": 8}, {""id"": 669397, ""name"": ""Nick Allen"", ""slot"": 9}]",5.5,-135,bovada,113,draftkings,7,0.59,0.546,0.044,0.027,-0.127,0.518,-0.028,,,5.5,-135,113,0.444,0.546,-0.102,0.494,-0.052,,,1,0.741,-1.0,8,27,1,2.48,2.41,1.77,,1,0.741,-1.0
2026-05-17,824436,2026-05-17T17:40:00Z,668909,Gavin Williams,Cincinnati Reds,True,0.292,0.244,0.148,0.235,lineup,1.0,0.285,25.8,6.28,7.53,7.35,,"[{""id"": 666181, ""name"": ""Will Benson"", ""slot"": 1}, {""id"": 682829, ""name"": ""Elly De La Cruz"", ""slot"": 2}, {""id"": 668709, ""name"": ""JJ Bleday"", ""slot"": 3}, {""id"": 668715, ""name"": ""Spencer Steer"", ""slot"": 4}, {""id"": 701398, ""name"": ""Sal Stewart"", ""slot"": 5}, {""id"": 663993, ""name"": ""Nathaniel Lowe"", ""slot"": 6}, {""id"": 663886, ""name"": ""Tyler Stephenson"", ""slot"": 7}, {""id"": 670770, ""name"": ""TJ Friedl"", ""slot"": 8}, {""id"": 680574, ""name"": ""Matt McLain"", ""slot"": 9}]",7.5,116,fanduel,138,betrivers,6,0.454,0.447,0.007,-0.02,0.3,0.495,0.048,,,7.5,116,138,0.494,0.447,0.047,0.502,0.055,,,0,-1.0,1.38,7,25,1,0.72,-0.53,-0.35,,0,-1.0,1.38
2026-05-17,824599,2026-05-17T18:10:00Z,607200,Erick Fedde,Chicago Cubs,True,0.143,0.139,0.073,0.21,lineup,1.0,0.132,25.4,3.25,3.29,3.36,,"[{""id"": 663538, ""name"": ""Nico Hoerner"", ""slot"": 1}, {""id"": 683737, ""name"": ""Michael Busch"", ""slot"": 2}, {""id"": 608324, ""name"": ""Alex Bregman"", ""slot"": 3}, {""id"": 664023, ""name"": ""Ian Happ"", ""slot"": 4}, {""id"": 673548, ""name"": ""Seiya Suzuki"", ""slot"": 5}, {""id"": 624424, ""name"": ""Michael Conforto"", ""slot"": 6}, {""id"": 608348, ""name"": ""Carson Kelly"", ""slot"": 7}, {""id"": 691718, ""name"": ""Pete Crow-Armstrong"", ""slot"": 8}, {""id"": 621020, ""name"": ""Dansby Swanson"", ""slot"": 9}]",3.5,275,betrivers,-131,draftkings,7,0.433,0.437,-0.004,0.622,0.001,0.492,0.055,,,3.5,275,-131,0.516,0.437,0.079,0.506,0.069,,,0,-1.0,0.763,2,19,1,-1.25,-1.29,-1.36,,0,-1.0,0.763
2026-05-17,825006,2026-05-17T20:05:00Z,605488,Jeffrey Springs,San Francisco Giants,True,0.214,0.209,0.113,0.22,lineup,1.0,0.207,22.9,4.87,4.71,4.74,,"[{""id"": 664056, ""name"": ""Harrison Bader"", ""slot"": 1}, {""id"": 650333, ""name"": ""Luis Arraez"", ""slot"": 2}, {""id"": 669477, ""name"": ""Casey Schmitt"", ""slot"": 3}, {""id"": 646240, ""name"": ""Rafael Devers"", ""slot"": 4}, {""id"": 642715, ""name"": ""Willy Adames"", ""slot"": 5}, {""id"": 691740, ""name"": ""Daniel Susac"", ""slot"": 6}, {""id"": 656305, ""name"": ""Matt Chapman"", ""slot"": 7}, {""id"": 687551, ""name"": ""Drew Gilbert"", ""slot"": 8}, {""id"": 606992, ""name"": ""Eric Haase"", ""slot"": 9}]",4.5,180,betrivers,104,draftkings,7,0.513,0.52,-0.007,0.436,-0.007,0.505,-0.015,,,4.5,180,104,0.515,0.52,-0.005,0.505,-0.015,,,0,-1.0,1.04,3,24,1,-1.87,-1.71,-1.74,,0,-1.0,1.04
2026-05-17,824034,2026-05-17T20:07:00Z,808963,Roki Sasaki,Los Angeles Angels,False,0.197,0.19,0.133,0.271,lineup,1.0,0.234,22.7,4.47,5.06,5.33,,"[{""id"": 687263, ""name"": ""Zach Neto"", ""slot"": 1}, {""id"": 545361, ""name"": ""Mike Trout"", ""slot"": 2}, {""id"": 694384, ""name"": ""Nolan Schanuel"", ""slot"": 3}, {""id"": 624585, ""name"": ""Jorge Soler"", ""slot"": 4}, {""id"": 660162, ""name"": ""Yoán Moncada"", ""slot"": 5}, {""id"": 666176, ""name"": ""Jo Adell"", ""slot"": 6}, {""id"": 666139, ""name"": ""Josh Lowe"", ""slot"": 7}, {""id"": 681351, ""name"": ""Logan O'Hoppe"", ""slot"": 8}, {""id"": 624428, ""name"": ""Adam Frazier"", ""slot"": 9}]",5.5,110,fanduel,285,betrivers,7,0.441,0.455,-0.014,-0.074,1.152,0.493,0.038,,,5.5,116,285,0.441,0.455,-0.014,0.493,0.038,,,1,1.16,-1.0,8,24,1,3.53,2.94,2.67,,1,1.1,-1.0
2026-05-17,824358,2026-05-17T19:10:00Z,647336,Michael Soroka,Colorado Rockies,False,0.254,0.203,0.115,0.247,lineup,0.92,0.236,23.3,5.38,6.09,5.49,,"[{""id"": 666397, ""name"": ""Edouard Julien"", ""slot"": 1}, {""id"": 666160, ""name"": ""Mickey Moniak"", ""slot"": 2}, {""id"": 696100, ""name"": ""Hunter Goodman"", ""slot"": 3}, {""id"": 681198, ""name"": ""TJ Rumfield"", ""slot"": 4}, {""id"": 687859, ""name"": ""Troy Johnston"", ""slot"": 5}, {""id"": 650489, ""name"": ""Willi Castro"", ""slot"": 6}, {""id"": 664983, ""name"": ""Jake McCarthy"", ""slot"": 7}, {""id"": 691720, ""name"": ""Kyle Karros"", ""slot"": 8}, {""id"": 664954, ""name"": ""Brett Sullivan"", ""slot"": 9}]",5.5,295,betrivers,-105,betmgm,6,0.47,0.492,-0.022,0.857,0.035,0.498,0.006,,,5.5,295,-105,0.47,0.492,-0.022,0.498,0.006,,,1,2.95,-1.0,8,25,1,2.62,1.91,2.51,,1,2.95,-1.0
2026-05-17,823138,2026-05-17T23:20:00Z,669923,George Kirby,San Diego Padres,True,0.203,0.194,0.106,0.232,team,1.03,0.211,25.1,4.58,5.13,5.28,,[],5.5,110,betmgm,160,betrivers,7,0.434,0.469,-0.035,-0.089,0.472,0.492,0.023,,,5.5,110,160,0.434,0.469,-0.035,0.492,0.023,,,1,1.1,-1.0,6,24,1,1.42,0.87,0.72,,1,1.1,-1.0
2026-05-17,823058,2026-05-17T18:15:00Z,663568,Stephen Kolek,St. Louis Cardinals,False,0.176,0.176,0.085,0.225,lineup,1.0,0.176,22.7,4.06,3.78,4.0,,"[{""id"": 802139, ""name"": ""JJ Wetherholt"", ""slot"": 1}, {""id"": 671056, ""name"": ""Iván Herrera"", ""slot"": 2}, {""id"": 676475, ""name"": ""Alec Burleson"", ""slot"": 3}, {""id"": 691023, ""name"": ""Jordan Walker"", ""slot"": 4}, {""id"": 669357, ""name"": ""Nolan Gorman"", ""slot"": 5}, {""id"": 691026, ""name"": ""Masyn Winn"", ""slot"": 6}, {""id"": 701675, ""name"": ""Nathan Church"", ""slot"": 7}, {""id"": 695336, ""name"": ""Thomas Saggese"", ""slot"": 8}, {""id"": 687363, ""name"": ""Victor Scott II"", ""slot"": 9}]",4.5,270,betrivers,115,betmgm,6,0.371,0.417,-0.046,0.372,0.353,0.482,0.065,,,4.5,270,115,0.475,0.417,0.058,0.499,0.082,,,0,-1.0,1.15,3,24,1,-1.06,-0.78,-1.0,,0,-1.0,1.15
2026-05-17,822982,2026-05-17T16:15:00Z,656876,Drew Rasmussen,Miami Marlins,True,0.232,0.208,0.115,0.228,lineup,1.0,0.225,22.5,5.12,4.77,5.08,,"[{""id"": 669364, ""name"": ""Xavier Edwards"", ""slot"": 1}, {""id"": 689414, ""name"": ""Liam Hicks"", ""slot"": 2}, {""id"": 672640, ""name"": ""Otto Lopez"", ""slot"": 3}, {""id"": 669065, ""name"": ""Kyle Stowers"", ""slot"": 4}, {""id"": 681393, ""name"": ""Connor Norby"", ""slot"": 5}, {""id"": 805300, ""name"": ""Jakob Marsee"", ""slot"": 6}, {""id"": 677870, ""name"": ""Leo Jiménez"", ""slot"": 7}, {""id"": 683357, ""name"": ""Owen Caissie"", ""slot"": 8}, {""id"": 666624, ""name"": ""Christopher Morel"", ""slot"": 9}]",5.5,110,fanduel,155,betrivers,7,0.398,0.458,-0.06,-0.164,0.535,0.486,0.028,,,5.5,110,155,0.46,0.458,0.002,0.496,0.038,,,0,-1.0,1.55,2,24,1,-3.12,-2.77,-3.08,,0,-1.0,1.55
2026-05-17,823628,2026-05-17T17:40:00Z,642547,Freddy Peralta,New York Yankees,True,0.232,0.215,0.133,0.255,lineup,1.02,0.26,23.7,5.18,5.57,6.15,,"[{""id"": 663757, ""name"": ""Trent Grisham"", ""slot"": 1}, {""id"": 700250, ""name"": ""Ben Rice"", ""slot"": 2}, {""id"": 592450, ""name"": ""Aaron Judge"", ""slot"": 3}, {""id"": 641355, ""name"": ""Cody Bellinger"", ""slot"": 4}, {""id"": 665862, ""name"": ""Jazz Chisholm Jr."", ""slot"": 5}, {""id"": 641857, ""name"": ""Ryan McMahon"", ""slot"": 6}, {""id"": 682987, ""name"": ""Spencer Jones"", ""slot"": 7}, {""id"": 683011, ""name"": ""Anthony Volpe"", ""slot"": 8}, {""id"": 641555, ""name"": ""J.C. Escarra"", ""slot"": 9}]",6.5,112,fanduel,295,betrivers,7,0.417,0.478,-0.061,-0.116,1.302,0.489,0.011,,,6.5,112,295,0.397,0.478,-0.081,0.486,0.008,,,0,-1.0,2.95,4,23,1,-1.18,-1.57,-2.15,,0,-1.0,2.95
2026-05-17,823381,2026-05-17T17:35:00Z,554430,Zack Wheeler,Pittsburgh Pirates,False,0.25,0.25,0.126,0.222,lineup,1.0,0.247,24.0,5.75,6.22,5.93,,"[{""id"": 665833, ""name"": ""Oneil Cruz"", ""slot"": 1}, {""id"": 664040, ""name"": ""Brandon Lowe"", ""slot"": 2}, {""id"": 668804, ""name"": ""Bryan Reynolds"", ""slot"": 3}, {""id"": 693304, ""name"": ""Nick Gonzales"", ""slot"": 4}, {""id"": 687462, ""name"": ""Spencer Horwitz"", ""slot"": 5}, {""id"": 804606, ""name"": ""Konnor Griffin"", ""slot"": 6}, {""id"": 663968, ""name"": ""Jake Mangum"", ""slot"": 7}, {""id"": 669707, ""name"": ""Jared Triolo"", ""slot"": 8}, {""id"": 680779, ""name"": ""Henry Davis"", ""slot"": 9}]",6.5,115,betonlineag,148,betrivers,7,0.382,0.469,-0.087,-0.179,0.533,0.483,0.014,,,6.5,115,148,0.289,0.469,-0.18,0.467,-0.002,,,1,1.15,-1.0,8,25,1,2.25,1.78,2.07,,1,1.15,-1.0
2026-05-17,823381,2026-05-17T17:35:00Z,694973,Paul Skenes,Philadelphia Phillies,True,0.303,0.333,0.137,0.208,lineup,1.0,0.291,22.1,7.25,6.74,6.42,,"[{""id"": 607208, ""name"": ""Trea Turner"", ""slot"": 1}, {""id"": 656941, ""name"": ""Kyle Schwarber"", ""slot"": 2}, {""id"": 547180, ""name"": ""Bryce Harper"", ""slot"": 3}, {""id"": 664761, ""name"": ""Alec Bohm"", ""slot"": 4}, {""id"": 669016, ""name"": ""Brandon Marsh"", ""slot"": 5}, {""id"": 666969, ""name"": ""Adolis García"", ""slot"": 6}, {""id"": 681082, ""name"": ""Bryson Stott"", ""slot"": 7}, {""id"": 592663, ""name"": ""J.T. Realmuto"", ""slot"": 8}, {""id"": 702222, ""name"": ""Justin Crawford"", ""slot"": 9}]",6.5,-125,betmgm,120,betonlineag,6,0.461,0.557,-0.096,-0.171,0.186,0.497,-0.06,,,6.5,-125,120,0.417,0.557,-0.14,0.489,-0.068,,,1,0.8,-1.0,7,23,1,-0.25,0.26,0.58,,1,0.8,-1.0
2026-05-17,822982,2026-05-17T16:15:00Z,691587,Eury Pérez,Tampa Bay Rays,False,0.252,0.263,0.142,0.178,lineup,1.0,0.203,23.2,5.9,4.97,4.71,,"[{""id"": 802415, ""name"": ""Chandler Simpson"", ""slot"": 1}, {""id"": 691406, ""name"": ""Junior Caminero"", ""slot"": 2}, {""id"": 666018, ""name"": ""Jonathan Aranda"", ""slot"": 3}, {""id"": 650490, ""name"": ""Yandy Díaz"", ""slot"": 4}, {""id"": 680700, ""name"": ""Richie Palacios"", ""slot"": 5}, {""id"": 676356, ""name"": ""Jonny DeLuca"", ""slot"": 6}, {""id"": 656775, ""name"": ""Cedric Mullins"", ""slot"": 7}, {""id"": 663743, ""name"": ""Nick Fortes"", ""slot"": 8}, {""id"": 670764, ""name"": ""Taylor Walls"", ""slot"": 9}]",5.5,120,betonlineag,280,betrivers,6,0.334,0.436,-0.102,-0.265,1.53,0.475,0.039,,,5.5,120,280,0.371,0.436,-0.065,0.481,0.045,,,0,-1.0,2.8,5,23,1,-0.9,0.03,0.29,,0,-1.0,2.8
2026-05-17,824358,2026-05-17T19:10:00Z,547179,Michael Lorenzen,Arizona Diamondbacks,True,0.147,0.153,0.093,0.208,lineup,0.92,0.127,23.5,3.43,3.25,2.98,,"[{""id"": 545121, ""name"": ""Ildemaro Vargas"", ""slot"": 1}, {""id"": 682998, ""name"": ""Corbin Carroll"", ""slot"": 2}, {""id"": 672695, ""name"": ""Geraldo Perdomo"", ""slot"": 3}, {""id"": 571448, ""name"": ""Nolan Arenado"", ""slot"": 4}, {""id"": 666971, ""name"": ""Lourdes Gurriel Jr."", ""slot"": 5}, {""id"": 680728, ""name"": ""Adrian Del Castillo"", ""slot"": 6}, {""id"": 672515, ""name"": ""Gabriel Moreno"", ""slot"": 7}, {""id"": 699912, ""name"": ""Jose Fernandez"", ""slot"": 8}, {""id"": 814439, ""name"": ""Ryan Waldschmidt"", ""slot"": 9}]",3.5,110,fanduel,180,betrivers,7,0.349,0.454,-0.105,-0.268,0.824,0.478,0.024,,,3.5,110,180,0.349,0.454,-0.105,0.478,0.024,,,1,1.1,-1.0,5,26,1,1.57,1.75,2.02,,1,1.1,-1.0
2026-05-17,823708,2026-05-17T18:10:00Z,641927,Bailey Ober,Milwaukee Brewers,True,0.172,0.132,0.1,0.22,lineup,1.01,0.154,23.6,3.6,3.38,3.64,,"[{""id"": 694192, ""name"": ""Jackson Chourio"", ""slot"": 1}, {""id"": 668930, ""name"": ""Brice Turang"", ""slot"": 2}, {""id"": 661388, ""name"": ""William Contreras"", ""slot"": 3}, {""id"": 592885, ""name"": ""Christian Yelich"", ""slot"": 4}, {""id"": 641343, ""name"": ""Jake Bauers"", ""slot"": 5}, {""id"": 686217, ""name"": ""Sal Frelick"", ""slot"": 6}, {""id"": 669003, ""name"": ""Garrett Mitchell"", ""slot"": 7}, {""id"": 687401, ""name"": ""Joey Ortiz"", ""slot"": 8}, {""id"": 666152, ""name"": ""David Hamilton"", ""slot"": 9}]",4.5,295,betrivers,125,fanatics,7,0.302,0.408,-0.106,0.193,0.57,0.469,0.061,,,4.5,295,125,0.497,0.408,0.089,0.502,0.094,,,0,-1.0,1.25,1,23,1,-2.6,-2.38,-2.64,,0,-1.0,1.25
2026-05-17,824923,2026-05-17T17:35:00Z,678394,Brayan Bello,Atlanta Braves,False,0.144,0.096,0.13,0.219,lineup,1.0,0.122,26.9,2.88,3.1,3.28,,"[{""id"": 686948, ""name"": ""Drake Baldwin"", ""slot"": 1}, {""id"": 645277, ""name"": ""Ozzie Albies"", ""slot"": 2}, {""id"": 621566, ""name"": ""Matt Olson"", ""slot"": 3}, {""id"": 671739, ""name"": ""Michael Harris II"", ""slot"": 4}, {""id"": 663586, ""name"": ""Austin Riley"", ""slot"": 5}, {""id"": 642086, ""name"": ""Dominic Smith"", ""slot"": 6}, {""id"": 622761, ""name"": ""Jorge Mateo"", ""slot"": 7}, {""id"": 573262, ""name"": ""Mike Yastrzemski"", ""slot"": 8}, {""id"": 640492, ""name"": ""José Azócar"", ""slot"": 9}]",3.5,-130,bovada,245,betrivers,7,0.415,0.555,-0.14,-0.265,1.018,0.489,-0.066,,,3.5,-130,245,0.551,0.555,-0.004,0.511,-0.044,,,0,-1.0,2.45,1,26,1,-1.88,-2.1,-2.28,,0,-1.0,2.45
2026-05-17,824923,2026-05-17T17:35:00Z,656550,Grant Holmes,Boston Red Sox,True,0.189,0.186,0.138,0.228,lineup,1.0,0.19,22.4,4.32,4.18,4.26,,"[{""id"": 680776, ""name"": ""Jarren Duran"", ""slot"": 1}, {""id"": 681508, ""name"": ""Mickey Gasper"", ""slot"": 2}, {""id"": 677800, ""name"": ""Wilyer Abreu"", ""slot"": 3}, {""id"": 575929, ""name"": ""Willson Contreras"", ""slot"": 4}, {""id"": 678882, ""name"": ""Ceddanne Rafaela"", ""slot"": 5}, {""id"": 691785, ""name"": ""Marcelo Mayer"", ""slot"": 6}, {""id"": 655316, ""name"": ""Andruw Monasterio"", ""slot"": 7}, {""id"": 665966, ""name"": ""Carlos Narváez"", ""slot"": 8}, {""id"": 686765, ""name"": ""Nick Sogard"", ""slot"": 9}]",4.5,-148,betrivers,125,draftkings,6,0.422,0.574,-0.152,-0.293,0.301,0.49,-0.084,,,4.5,-148,125,0.358,0.574,-0.216,0.479,-0.095,,,0,-1.0,1.25,4,24,1,-0.32,-0.18,-0.26,,0,-1.0,1.25
2026-05-17,822738,2026-05-17T17:35:00Z,687064,Brandon Young,Washington Nationals,False,0.164,0.172,0.104,0.214,lineup,1.0,0.159,22.7,3.85,3.68,3.61,,"[{""id"": 695578, ""name"": ""James Wood"", ""slot"": 1}, {""id"": 671277, ""name"": ""Luis García Jr."", ""slot"": 2}, {""id"": 691781, ""name"": ""Brady House"", ""slot"": 3}, {""id"": 682928, ""name"": ""CJ Abrams"", ""slot"": 4}, {""id"": 695734, ""name"": ""Daylen Lile"", ""slot"": 5}, {""id"": 696285, ""name"": ""Jacob Young"", ""slot"": 6}, {""id"": 677588, ""name"": ""José Tena"", ""slot"": 7}, {""id"": 660688, ""name"": ""Keibert Ruiz"", ""slot"": 8}, {""id"": 683083, ""name"": ""Nasim Nuñez"", ""slot"": 9}]",4.5,110,draftkings,-120,fanatics,3,0.296,0.448,-0.152,-0.378,0.291,0.468,0.02,,,3.5,-120,110,0.486,0.528,-0.042,0.501,-0.027,,,0,-1.0,1.1,3,19,1,-0.85,-0.68,-0.61,,0,-1.0,0.833
2026-05-17,824279,2026-05-17T17:40:00Z,592332,Kevin Gausman,Detroit Tigers,False,0.229,0.153,0.138,0.228,lineup,1.0,0.202,23.3,4.57,4.67,4.7,,"[{""id"": 805808, ""name"": ""Kevin McGonigle"", ""slot"": 1}, {""id"": 693307, ""name"": ""Dillon Dingler"", ""slot"": 2}, {""id"": 690993, ""name"": ""Colt Keith"", ""slot"": 3}, {""id"": 682985, ""name"": ""Riley Greene"", ""slot"": 4}, {""id"": 663837, ""name"": ""Matt Vierling"", ""slot"": 5}, {""id"": 669398, ""name"": ""Gage Workman"", ""slot"": 6}, {""id"": 656716, ""name"": ""Zach McKinstry"", ""slot"": 7}, {""id"": 679529, ""name"": ""Spencer Torkelson"", ""slot"": 8}, {""id"": 672761, ""name"": ""Wenceel Pérez"", ""slot"": 9}]",5.5,-105,betmgm,-108,draftkings,7,0.331,0.5,-0.169,-0.353,0.288,0.475,-0.025,,,5.5,-105,-108,0.313,0.5,-0.187,0.471,-0.029,,,0,-1.0,0.926,5,22,1,0.43,0.33,0.3,,0,-1.0,0.926
2026-05-17,823708,2026-05-17T18:10:00Z,688107,Robert Gasser,Minnesota Twins,False,0.15,0.15,0.0,0.219,lineup,1.01,0.147,20.0,3.45,3.05,2.94,,"[{""id"": 668885, ""name"": ""Austin Martin"", ""slot"": 1}, {""id"": 686797, ""name"": ""Brooks Lee"", ""slot"": 2}, {""id"": 680777, ""name"": ""Ryan Jeffers"", ""slot"": 3}, {""id"": 665019, ""name"": ""Kody Clemens"", ""slot"": 4}, {""id"": 807712, ""name"": ""Luke Keaschall"", ""slot"": 5}, {""id"": 605170, ""name"": ""Victor Caratini"", ""slot"": 6}, {""id"": 668904, ""name"": ""Royce Lewis"", ""slot"": 7}, {""id"": 668952, ""name"": ""Ryan Kreidler"", ""slot"": 8}, {""id"": 681546, ""name"": ""James Outman"", ""slot"": 9}]",3.5,-108,betonlineag,200,betrivers,6,0.34,0.512,-0.172,-0.344,0.979,0.476,-0.036,,,3.5,-108,200,0.741,0.512,0.229,0.545,0.033,,,0,-1.0,2.0,3,20,1,-0.45,-0.05,0.06,,0,-1.0,2.0
2026-05-17,824279,2026-05-17T17:40:00Z,656427,Jack Flaherty,Toronto Blue Jays,True,0.233,0.245,0.099,0.185,lineup,1.0,0.196,20.2,5.47,3.87,3.95,,"[{""id"": 682818, ""name"": ""Yohendrick Piñango"", ""slot"": 1}, {""id"": 665489, ""name"": ""Vladimir Guerrero Jr."", ""slot"": 2}, {""id"": 662139, ""name"": ""Daulton Varsho"", ""slot"": 3}, {""id"": 660821, ""name"": ""Jesús Sánchez"", ""slot"": 4}, {""id"": 672820, ""name"": ""Lenyn Sosa"", ""slot"": 5}, {""id"": 676391, ""name"": ""Ernie Clement"", ""slot"": 6}, {""id"": 665926, ""name"": ""Andrés Giménez"", ""slot"": 7}, {""id"": 678218, ""name"": ""Brandon Valenzuela"", ""slot"": 8}, {""id"": 676914, ""name"": ""Davis Schneider"", ""slot"": 9}]",4.5,320,betrivers,121,draftkings,6,0.362,0.539,-0.177,0.52,0.41,0.48,-0.059,,,4.5,320,121,0.366,0.539,-0.173,0.481,-0.058,,,0,-1.0,1.21,4,24,1,-1.47,0.13,0.05,,0,-1.0,1.21
2026-05-17,824436,2026-05-17T17:40:00Z,663903,Brady Singer,Cleveland Guardians,False,0.157,0.17,0.099,0.185,lineup,1.0,0.134,21.4,3.73,3.06,2.86,,"[{""id"": 682177, ""name"": ""Daniel Schneemann"", ""slot"": 1}, {""id"": 608070, ""name"": ""José Ramírez"", ""slot"": 2}, {""id"": 800050, ""name"": ""Chase DeLauter"", ""slot"": 3}, {""id"": 700932, ""name"": ""Kyle Manzardo"", ""slot"": 4}, {""id"": 683953, ""name"": ""Travis Bazzana"", ""slot"": 5}, {""id"": 680757, ""name"": ""Steven Kwan"", ""slot"": 6}, {""id"": 682657, ""name"": ""Angel Martínez"", ""slot"": 7}, {""id"": 672275, ""name"": ""Patrick Bailey"", ""slot"": 8}, {""id"": 677587, ""name"": ""Brayan Rocchio"", ""slot"": 9}]",3.5,-130,fanduel,220,betrivers,7,0.322,0.54,-0.218,-0.43,1.169,0.473,-0.067,,,3.5,-130,220,0.233,0.54,-0.307,0.455,-0.085,,,1,0.769,-1.0,6,20,1,2.27,2.94,3.14,,1,0.769,-1.0
2026-05-17,825006,2026-05-17T20:05:00Z,605288,Adrian Houser,Athletics,False,0.122,0.113,0.091,0.209,lineup,1.0,0.11,23.4,2.72,2.77,2.57,,"[{""id"": 701762, ""name"": ""Nick Kurtz"", ""slot"": 1}, {""id"": 666126, ""name"": ""Carlos Cortes"", ""slot"": 2}, {""id"": 667670, ""name"": ""Brent Rooker"", ""slot"": 3}, {""id"": 691016, ""name"": ""Tyler Soderstrom"", ""slot"": 4}, {""id"": 643446, ""name"": ""Jeff McNeil"", ""slot"": 5}, {""id"": 680869, ""name"": ""Zack Gelof"", ""slot"": 6}, {""id"": 671732, ""name"": ""Lawrence Butler"", ""slot"": 7}, {""id"": 641680, ""name"": ""Jonah Heim"", ""slot"": 8}, {""id"": 687231, ""name"": ""Darell Hernaiz"", ""slot"": 9}]",3.5,200,betrivers,104,draftkings,6,0.258,0.5,-0.242,-0.226,0.514,0.46,-0.04,,,3.5,200,104,0.258,0.5,-0.242,0.46,-0.04,,,0,-1.0,1.04,3,25,1,0.28,0.23,0.43,,0,-1.0,1.04
2026-05-17,823628,2026-05-17T17:40:00Z,695684,Elmer Rodríguez,New York Mets,False,0.094,0.094,0.0,0.198,lineup,1.02,0.084,21.3,2.16,1.85,1.79,,"[{""id"": 701807, ""name"": ""Carson Benge"", ""slot"": 1}, {""id"": 666182, ""name"": ""Bo Bichette"", ""slot"": 2}, {""id"": 665742, ""name"": ""Juan Soto"", ""slot"": 3}, {""id"": 668901, ""name"": ""Mark Vientos"", ""slot"": 4}, {""id"": 669004, ""name"": ""MJ Melendez"", ""slot"": 5}, {""id"": 683146, ""name"": ""Brett Baty"", ""slot"": 6}, {""id"": 543760, ""name"": ""Marcus Semien"", ""slot"": 7}, {""id"": 805999, ""name"": ""A.J. Ewing"", ""slot"": 8}, {""id"": 663584, ""name"": ""Hayden Senger"", ""slot"": 9}]",3.5,-120,betmgm,106,fanduel,5,0.107,0.531,-0.424,-0.803,0.839,0.418,-0.113,,,3.5,-120,106,0.203,0.531,-0.328,0.448,-0.083,,,0,-1.0,1.06,1,20,1,-1.16,-0.85,-0.79,,0,-1.0,1.06
2026-05-17,823138,2026-05-17T23:20:00Z,608337,Lucas Giolito,Seattle Mariners,False,0.0,0.0,0.0,0.239,lineup,1.03,0.246,23.0,0.0,5.48,5.66,,"[{""id"": 641487, ""name"": ""J.P. Crawford"", ""slot"": 1}, {""id"": 677594, ""name"": ""Julio Rodríguez"", ""slot"": 2}, {""id"": 647304, ""name"": ""Josh Naylor"", ""slot"": 3}, {""id"": 668227, ""name"": ""Randy Arozarena"", ""slot"": 4}, {""id"": 670042, ""name"": ""Luke Raley"", ""slot"": 5}, {""id"": 702284, ""name"": ""Cole Young"", ""slot"": 6}, {""id"": 686527, ""name"": ""Dominic Canzone"", ""slot"": 7}, {""id"": 641598, ""name"": ""Mitch Garver"", ""slot"": 8}, {""id"": 660844, ""name"": ""Leo Rivas"", ""slot"": 9}]",,,,,,0,,,,,,,,,,,,,,,,,,,,,,,3,20,1,3.0,-2.48,-2.66,,,,
2026-05-17,822738,2026-05-17T17:35:00Z,663992,Richard Lovelady,Baltimore Orioles,True,0.188,0.308,0.112,0.251,lineup,1.0,0.263,20.0,5.42,5.15,5.26,,"[{""id"": 621493, ""name"": ""Taylor Ward"", ""slot"": 1}, {""id"": 683002, ""name"": ""Gunnar Henderson"", ""slot"": 2}, {""id"": 624413, ""name"": ""Pete Alonso"", ""slot"": 3}, {""id"": 641933, ""name"": ""Tyler O'Neill"", ""slot"": 4}, {""id"": 694212, ""name"": ""Samuel Basallo"", ""slot"": 5}, {""id"": 665750, ""name"": ""Leody Taveras"", ""slot"": 6}, {""id"": 691723, ""name"": ""Coby Mayo"", ""slot"": 7}, {""id"": 681297, ""name"": ""Colton Cowser"", ""slot"": 8}, {""id"": 669236, ""name"": ""Jeremiah Jackson"", ""slot"": 9}]",,,,,,0,,,,,,,,,,,,,,,,,,,,,,,1,6,1,-4.42,-4.15,-4.26,,,,
2026-05-17,824034,2026-05-17T20:07:00Z,680570,Grayson Rodriguez,Los Angeles Dodgers,True,0.0,0.0,0.0,0.211,lineup,1.0,0.211,23.0,0.0,4.71,4.84,,"[{""id"": 660271, ""name"": ""Shohei Ohtani"", ""slot"": 1}, {""id"": 518692, ""name"": ""Freddie Freeman"", ""slot"": 2}, {""id"": 681624, ""name"": ""Andy Pages"", ""slot"": 3}, {""id"": 663656, ""name"": ""Kyle Tucker"", ""slot"": 4}, {""id"": 606192, ""name"": ""Teoscar Hernández"", ""slot"": 5}, {""id"": 571970, ""name"": ""Max Muncy"", ""slot"": 6}, {""id"": 687221, ""name"": ""Dalton Rushing"", ""slot"": 7}, {""id"": 500743, ""name"": ""Miguel Rojas"", ""slot"": 8}, {""id"": 808975, ""name"": ""Hyeseong Kim"", ""slot"": 9}]",,,,,,0,,,,,,,,,,,,,,,,,,,,,,,4,21,1,4.0,-0.71,-0.84,,,,
